INSERT INTO genre (id, musical_genre) values (1, 'Поп-музыка');
INSERT INTO genre (id, musical_genre) values (2, 'Рок');
INSERT INTO genre (id, musical_genre) values (3, 'Шансон');
INSERT INTO genre (id, musical_genre) values (4, 'Рэп');
INSERT INTO genre (id, musical_genre) values (5, 'Евродэнс');

INSERT INTO artist (id, artist_name) values (1, 'Валерий Меладзе');
INSERT INTO artist (id, artist_name) values (2, 'Любэ');
INSERT INTO artist (id, artist_name) values (3, 'Григорий Лепс');
INSERT INTO artist (id, artist_name) values (4, 'Стас Михайлов');
INSERT INTO artist (id, artist_name) values (5, 'Тимати');
INSERT INTO artist (id, artist_name) values (6, 'ДДТ');
INSERT INTO artist (id, artist_name) values (7, 'Ария');
INSERT INTO artist (id, artist_name) values (8, 'Сергей Лазарев');

INSERT INTO album (id, album_title, year_of_issue) values (1, 'Сэра', 1995);
INSERT INTO album (id, album_title, year_of_issue) values (2, 'Комбат', 1996);
INSERT INTO album (id, album_title, year_of_issue) values (3, 'На струнах дождя', 2002);
INSERT INTO album (id, album_title, year_of_issue) values (4, 'Берега мечты', 2006);
INSERT INTO album (id, album_title, year_of_issue) values (5, 'Олимп', 2016);
INSERT INTO album (id, album_title, year_of_issue) values (6, 'Чёрный пёс Петербург', 1993);
INSERT INTO album (id, album_title, year_of_issue) values (7, 'Герой асфальта', 1988);
INSERT INTO album (id, album_title, year_of_issue) values (8, 'TV Show', 2007);

INSERT INTO collections (id, music_collections, year_of_issue) values (1, 'Полста', 2016);
INSERT INTO collections (id, music_collections, year_of_issue) values (2, 'Лучшие песни. 1989-2015', 2015);
INSERT INTO collections (id, music_collections, year_of_issue) values (3, 'Избранное… 10 лет', 2005);
INSERT INTO collections (id, music_collections, year_of_issue) values (4, 'Лучшие песни на бис', 2010);
INSERT INTO collections (id, music_collections, year_of_issue) values (5, 'Всё будет', 2013);
INSERT INTO collections (id, music_collections, year_of_issue) values (6, 'Легенды русского рока — 4', 1999);
INSERT INTO collections (id, music_collections, year_of_issue) values (7, 'Live in Studio', 2012);
INSERT INTO collections (id, music_collections, year_of_issue) values (8, 'The Best', 2015);

INSERT INTO artist_genre (artist_id, genre_id) values (1, 1);
INSERT INTO artist_genre (artist_id, genre_id) values (2, 2);
INSERT INTO artist_genre (artist_id, genre_id) values (3, 2);
INSERT INTO artist_genre (artist_id, genre_id) values (3, 1);
INSERT INTO artist_genre (artist_id, genre_id) values (4, 3);
INSERT INTO artist_genre (artist_id, genre_id) values (5, 4);
INSERT INTO artist_genre (artist_id, genre_id) values (6, 2);
INSERT INTO artist_genre (artist_id, genre_id) values (7, 2);
INSERT INTO artist_genre (artist_id, genre_id) values (8, 1);
INSERT INTO artist_genre (artist_id, genre_id) values (8, 5);

INSERT INTO artist_album (artist_id, album_id) values (1, 1);
INSERT INTO artist_album (artist_id, album_id) values (2, 2);
INSERT INTO artist_album (artist_id, album_id) values (3, 3);
INSERT INTO artist_album (artist_id, album_id) values (4, 4);
INSERT INTO artist_album (artist_id, album_id) values (5, 5);
INSERT INTO artist_album (artist_id, album_id) values (6, 6);
INSERT INTO artist_album (artist_id, album_id) values (7, 7);
INSERT INTO artist_album (artist_id, album_id) values (8, 8);

INSERT INTO track (id, album_id, name_of_the_track, duration) values (1, 1, 'Не тревожь мне душу, скрипка', 4.17);
INSERT INTO track (id, album_id, name_of_the_track, duration) values (2, 1, 'Сэра', 3.53);
INSERT INTO track (id, album_id, name_of_the_track, duration) values (3, 1,	'Лимбо', 4.03);
INSERT INTO track (id, album_id, name_of_the_track, duration) values (4, 1, 'Ночь накануне Рождества', 4.59);
INSERT INTO track (id, album_id, name_of_the_track, duration) values (5, 1, 'Холодное сердце', 3.36);
INSERT INTO track (id, album_id, name_of_the_track, duration) values (6, 1, 'Разведи огонь', 4.02);
INSERT INTO track (id, album_id, name_of_the_track, duration) values (7, 2, 'Скоро дембель', 3.58);
INSERT INTO track (id, album_id, name_of_the_track, duration) values (8, 2, 'Самоволочка', 3.15);
INSERT INTO track (id, album_id, name_of_the_track, duration) values (9, 2, 'Главное, что есть ты у меня', 3.47);
INSERT INTO track (id, album_id, name_of_the_track, duration) values (10, 2, 'Комбат', 5.06);
INSERT INTO track (id, album_id, name_of_the_track, duration) values (11, 2, 'Спят курганы тёмные', 3.26);
INSERT INTO track (id, album_id, name_of_the_track, duration) values (12, 3, 'Рюмка водки на столе', 3.44);
INSERT INTO track (id, album_id, name_of_the_track, duration) values (13, 3, 'Летай', 3.15);
INSERT INTO track (id, album_id, name_of_the_track, duration) values (14, 3, 'Танго разбитых сердец', 3.47);
INSERT INTO track (id, album_id, name_of_the_track, duration) values (15, 3, 'На струнах дождя...', 3.26);
INSERT INTO track (id, album_id, name_of_the_track, duration) values (16, 3, 'Роковая любовь', 5.06);
INSERT INTO track (id, album_id, name_of_the_track, duration) values (17, 4, 'Берега мечты', 3.53);
INSERT INTO track (id, album_id, name_of_the_track, duration) values (18, 4, 'Всё для тебя',  3.55);
INSERT INTO track (id, album_id, name_of_the_track, duration) values (19, 4, 'Знай об этом', 3.40);
INSERT INTO track (id, album_id, name_of_the_track, duration) values (20, 4, 'Прости', 4.20);
INSERT INTO track (id, album_id, name_of_the_track, duration) values (21, 4, 'Звездой на небо', 3.16);
INSERT INTO track (id, album_id, name_of_the_track, duration) values (22, 5, 'Домой', 3.05);
INSERT INTO track (id, album_id, name_of_the_track, duration) values (23, 5, 'Где ты, где я', 4.42);
INSERT INTO track (id, album_id, name_of_the_track, duration) values (24, 5, 'Ключи от рая', 3.19);
INSERT INTO track (id, album_id, name_of_the_track, duration) values (25, 5, 'Новая русская мечта', 3.51);
INSERT INTO track (id, album_id, name_of_the_track, duration) values (26, 5, 'Мага', 4.49);
INSERT INTO track (id, album_id, name_of_the_track, duration) values (27, 6, 'Чёрный пес Петербург', 11.25);
INSERT INTO track (id, album_id, name_of_the_track, duration) values (28, 6, 'В последнюю осень', 4.49);
INSERT INTO track (id, album_id, name_of_the_track, duration) values (29, 6, 'Террорист', 7.04);
INSERT INTO track (id, album_id, name_of_the_track, duration) values (30, 6, 'Дождь', 4.01);
INSERT INTO track (id, album_id, name_of_the_track, duration) values (31, 6, 'Ленинград', 4.32);
INSERT INTO track (id, album_id, name_of_the_track, duration) values (32, 7, 'На службе силы зла', 7.10);
INSERT INTO track (id, album_id, name_of_the_track, duration) values (33, 7, 'Герой асфальта', 5.11);
INSERT INTO track (id, album_id, name_of_the_track, duration) values (34, 7, 'Мёртвая зона', 6.43);
INSERT INTO track (id, album_id, name_of_the_track, duration) values (35, 7, 'Улица роз', 5.56);
INSERT INTO track (id, album_id, name_of_the_track, duration) values (36, 7, 'Дай руку мне', 5.17);
INSERT INTO track (id, album_id, name_of_the_track, duration) values (37, 8, 'TV Or Radio', 3.15);
INSERT INTO track (id, album_id, name_of_the_track, duration) values (38, 8, 'Everytime', 7.00);
INSERT INTO track (id, album_id, name_of_the_track, duration) values (39, 8, 'Shattered Dreams', 3.13);
INSERT INTO track (id, album_id, name_of_the_track, duration) values (40, 8, 'Music Under My Skin', 3.10);
INSERT INTO track (id, album_id, name_of_the_track, duration) values (41, 8, 'Girlfriend', 3.47);


INSERT INTO collections_track (collections_id, track_id) values (1, 1);
INSERT INTO collections_track (collections_id, track_id) values (1, 2);
INSERT INTO collections_track (collections_id, track_id) values (1, 3);
INSERT INTO collections_track (collections_id, track_id) values (2, 7);
INSERT INTO collections_track (collections_id, track_id) values (2, 8);
INSERT INTO collections_track (collections_id, track_id) values (2, 9);
INSERT INTO collections_track (collections_id, track_id) values (2, 10);
INSERT INTO collections_track (collections_id, track_id) values (3, 12);
INSERT INTO collections_track (collections_id, track_id) values (3, 13);
INSERT INTO collections_track (collections_id, track_id) values (3, 14);
INSERT INTO collections_track (collections_id, track_id) values (3, 15);
INSERT INTO collections_track (collections_id, track_id) values (4, 17);
INSERT INTO collections_track (collections_id, track_id) values (6, 27);
INSERT INTO collections_track (collections_id, track_id) values (6, 28);
INSERT INTO collections_track (collections_id, track_id) values (6, 29);
INSERT INTO collections_track (collections_id, track_id) values (6, 30);
INSERT INTO collections_track (collections_id, track_id) values (7, 33);
INSERT INTO collections_track (collections_id, track_id) values (7, 35);
INSERT INTO collections_track (collections_id, track_id) values (8, 37);
INSERT INTO collections_track (collections_id, track_id) values (8, 38);
INSERT INTO collections_track (collections_id, track_id) values (8, 39);
